nimran khan, 03:28:39:PM, 06/17/23-June-2023nambani, 03:30:53:PM, 06/17/23-June-2023nbill gates,jpg, 03:30:54:PM, 06/17/23-June-2023nbill gates,jpg, 03:30:54:PM, 06/17/23-June-2023nbill gates,jpg, 03:30:54:PM, 06/17/23-June-2023nbill gates,jpg, 03:30:55:PM, 06/17/23-June-2023nbill gates,jpg, 03:30:55:PM, 06/17/23-June-2023nbill gates,jpg, 03:30:55:PM, 06/17/23-June-2023nbill gates,jpg, 03:30:55:PM, 06/17/23-June-2023nbill gates,jpg, 03:30:55:PM, 06/17/23-June-2023nbill gates,jpg, 03:30:55:PM, 06/17/23-June-2023nbill gates,jpg, 03:30:56:PM, 06/17/23-June-2023nbill gates,jpg, 03:30:56:PM, 06/17/23-June-2023nbill gates,jpg, 03:30:56:PM, 06/17/23-June-2023nbill gates,jpg, 03:30:56:PM, 06/17/23-June-2023nbill gates,jpg, 03:30:56:PM, 06/17/23-June-2023nbill gates,jpg, 03:30:56:PM, 06/17/23-June-2023nbill gates,jpg, 03:30:57:PM, 06/17/23-June-2023nbill gates,jpg, 03:30:57:PM, 06/17/23-June-2023nbill gates,jpg, 03:30:57:PM, 06/17/23-June-2023nbill gates,jpg, 03:30:57:PM, 06/17/23-June-2023nbill gates,jpg, 03:30:57:PM, 06/17/23-June-2023nbill gates,jpg, 03:30:57:PM, 06/17/23-June-2023nbill gates,jpg, 03:30:58:PM, 06/17/23-June-2023nbill gates,jpg, 03:30:58:PM, 06/17/23-June-2023nbill gates,jpg, 03:30:58:PM, 06/17/23-June-2023nbill gates,jpg, 03:30:58:PM, 06/17/23-June-2023nbill gates,jpg, 03:30:58:PM, 06/17/23-June-2023nbill gates,jpg, 03:30:58:PM, 06/17/23-June-2023nbill gates,jpg, 03:30:58:PM, 06/17/23-June-2023nbill gates,jpg, 03:30:59:PM, 06/17/23-June-2023nbill gates,jpg, 03:30:59:PM, 06/17/23-June-2023nbill gates,jpg, 03:30:59:PM, 06/17/23-June-2023nbill gates,jpg, 03:30:59:PM, 06/17/23-June-2023nbill gates,jpg, 03:30:59:PM, 06/17/23-June-2023nbill gates,jpg, 03:30:59:PM, 06/17/23-June-2023nbill gates,jpg, 03:31:00:PM, 06/17/23-June-2023nbill gates,jpg, 03:31:00:PM, 06/17/23-June-2023nbill gates,jpg, 03:31:00:PM, 06/17/23-June-2023nbill gates,jpg, 03:31:00:PM, 06/17/23-June-2023nbill gates,jpg, 03:31:00:PM, 06/17/23-June-2023nbill gates,jpg, 03:31:01:PM, 06/17/23-June-2023nambani, 03:31:26:PM, 06/17/23-June-2023nambani, 03:31:27:PM, 06/17/23-June-2023nambani, 03:31:27:PM, 06/17/23-June-2023nambani, 03:31:27:PM, 06/17/23-June-2023nambani, 03:31:27:PM, 06/17/23-June-2023nbabar, 03:31:31:PM, 06/17/23-June-2023nbabar, 03:31:31:PM, 06/17/23-June-2023nbabar, 03:31:32:PM, 06/17/23-June-2023nbabar, 03:31:32:PM, 06/17/23-June-2023nbabar, 03:31:33:PM, 06/17/23-June-2023nbabar, 03:31:33:PM, 06/17/23-June-2023nbabar, 03:31:34:PM, 06/17/23-June-2023nbabar, 03:31:34:PM, 06/17/23-June-2023nbabar, 03:31:34:PM, 06/17/23-June-2023ambani, 03:33:14:PM, 06/17/23-June-2023 
,ambani, 03:33:15:PM, 06/17/23-June-2023 
,ambani, 03:33:15:PM, 06/17/23-June-2023 
,ambani, 03:33:16:PM, 06/17/23-June-2023 
,bill gates,jpg, 03:33:17:PM, 06/17/23-June-2023 
,bill gates,jpg, 03:33:17:PM, 06/17/23-June-2023 
,bill gates,jpg, 03:33:17:PM, 06/17/23-June-2023 
,bill gates,jpg, 03:33:17:PM, 06/17/23-June-2023 
,bill gates,jpg, 03:33:17:PM, 06/17/23-June-2023 
,bill gates,jpg, 03:33:17:PM, 06/17/23-June-2023 
,bill gates,jpg, 03:33:17:PM, 06/17/23-June-2023 
,bill gates,jpg, 03:33:18:PM, 06/17/23-June-2023 
,bill gates,jpg, 03:33:18:PM, 06/17/23-June-2023 
,bill gates,jpg, 03:33:18:PM, 06/17/23-June-2023 
,bill gates,jpg, 03:33:18:PM, 06/17/23-June-2023 
,bill gates,jpg, 03:33:18:PM, 06/17/23-June-2023 
,bill gates,jpg, 03:33:19:PM, 06/17/23-June-2023 
,bill gates,jpg, 03:33:19:PM, 06/17/23-June-2023 
,bill gates,jpg, 03:33:19:PM, 06/17/23-June-2023 
,bill gates,jpg, 03:33:19:PM, 06/17/23-June-2023 
,bill gates,jpg, 03:33:19:PM, 06/17/23-June-2023 
,bill gates,jpg, 03:33:20:PM, 06/17/23-June-2023 
,bill gates,jpg, 03:33:20:PM, 06/17/23-June-2023 
,bill gates,jpg, 03:33:20:PM, 06/17/23-June-2023 
,bill gates,jpg, 03:33:21:PM, 06/17/23-June-2023 
,bill gates,jpg, 03:33:21:PM, 06/17/23-June-2023 
,bill gates,jpg, 03:33:21:PM, 06/17/23-June-2023 
,bill gates,jpg, 03:33:21:PM, 06/17/23-June-2023 
,bill gates,jpg, 03:33:22:PM, 06/17/23-June-2023 
,bill gates,jpg, 03:33:22:PM, 06/17/23-June-2023 
,bill gates,jpg, 03:33:22:PM, 06/17/23-June-2023 
,bill gates,jpg, 03:33:22:PM, 06/17/23-June-2023 
,bill gates,jpg, 03:33:22:PM, 06/17/23-June-2023 
,bill gates,jpg, 03:33:23:PM, 06/17/23-June-2023 
,bill gates,jpg, 03:33:23:PM, 06/17/23-June-2023 
,bill gates,jpg, 03:33:23:PM, 06/17/23-June-2023 
,bill gates,jpg, 03:33:23:PM, 06/17/23-June-2023 
,bill gates,jpg, 03:33:23:PM, 06/17/23-June-2023 
,bill gates,jpg, 03:33:24:PM, 06/17/23-June-2023 
,bill gates,jpg, 03:33:24:PM, 06/17/23-June-2023 
,bill gates,jpg, 03:33:24:PM, 06/17/23-June-2023 
,bill gates,jpg, 03:33:24:PM, 06/17/23-June-2023 
,bill gates,jpg, 03:33:25:PM, 06/17/23-June-2023 
,bill gates,jpg, 03:33:25:PM, 06/17/23-June-2023 
,bill gates,jpg, 03:33:25:PM, 06/17/23-June-2023 
,bill gates,jpg, 03:33:25:PM, 06/17/23-June-2023 
,bill gates,jpg, 03:33:25:PM, 06/17/23-June-2023 
,bill gates,jpg, 03:33:26:PM, 06/17/23-June-2023 
,bill gates,jpg, 03:33:26:PM, 06/17/23-June-2023 
,bill gates,jpg, 03:33:26:PM, 06/17/23-June-2023 
,bill gates,jpg, 03:33:26:PM, 06/17/23-June-2023 
,bill gates,jpg, 03:33:26:PM, 06/17/23-June-2023 
,bill gates,jpg, 03:33:26:PM, 06/17/23-June-2023 
,bill gates,jpg, 03:33:27:PM, 06/17/23-June-2023 
,bill gates,jpg, 03:33:27:PM, 06/17/23-June-2023 
,bill gates,jpg, 03:33:27:PM, 06/17/23-June-2023 
,bill gates,jpg, 03:33:27:PM, 06/17/23-June-2023 
,bill gates,jpg, 03:33:27:PM, 06/17/23-June-2023 
,bill gates,jpg, 03:33:28:PM, 06/17/23-June-2023 
,bill gates,jpg, 03:33:28:PM, 06/17/23-June-2023 
,bill gates,jpg, 03:33:28:PM, 06/17/23-June-2023 
,bill gates,jpg, 03:33:28:PM, 06/17/23-June-2023 
,bill gates,jpg, 03:33:28:PM, 06/17/23-June-2023 
,bill gates,jpg, 03:33:28:PM, 06/17/23-June-2023 
,babar, 03:33:29:PM, 06/17/23-June-2023 
,bill gates,jpg, 03:33:29:PM, 06/17/23-June-2023 
,bill gates,jpg, 03:33:29:PM, 06/17/23-June-2023 
,bill gates,jpg, 03:33:29:PM, 06/17/23-June-2023 
,bill gates,jpg, 03:33:29:PM, 06/17/23-June-2023 
,bill gates,jpg, 03:33:29:PM, 06/17/23-June-2023 
,bill gates,jpg, 03:33:29:PM, 06/17/23-June-2023 
,ambani, 03:33:40:PM, 06/17/23-June-2023 
,babar, 03:33:40:PM, 06/17/23-June-2023 
,babar, 03:33:40:PM, 06/17/23-June-2023 
,babar, 03:33:41:PM, 06/17/23-June-2023 
,babar, 03:33:41:PM, 06/17/23-June-2023 
,babar, 03:33:41:PM, 06/17/23-June-2023 
,babar, 03:33:41:PM, 06/17/23-June-2023 
,babar, 03:33:42:PM, 06/17/23-June-2023 
,ambani, 03:33:42:PM, 06/17/23-June-2023 
,babar, 03:33:42:PM, 06/17/23-June-2023 
,babar, 03:33:43:PM, 06/17/23-June-2023 
,babar, 03:33:43:PM, 06/17/23-June-2023 
,babar, 03:33:43:PM, 06/17/23-June-2023 
,babar, 03:33:43:PM, 06/17/23-June-2023 
,babar, 03:33:43:PM, 06/17/23-June-2023 
,ambani, 03:33:43:PM, 06/17/23-June-2023 
,babar, 03:33:44:PM, 06/17/23-June-2023 
,babar, 03:33:44:PM, 06/17/23-June-2023 
,babar, 03:33:44:PM, 06/17/23-June-2023 
,babar, 03:33:57:PM, 06/17/23-June-2023 
,ambani, 03:33:57:PM, 06/17/23-June-2023 
,ambani, 03:33:57:PM, 06/17/23-June-2023 
,babar, 03:33:58:PM, 06/17/23-June-2023 
,babar, 03:33:58:PM, 06/17/23-June-2023 
,babar, 03:33:58:PM, 06/17/23-June-2023 
,babar, 03:33:58:PM, 06/17/23-June-2023 
,babar, 03:33:58:PM, 06/17/23-June-2023 
,ambani, 03:33:58:PM, 06/17/23-June-2023 
,babar, 03:33:58:PM, 06/17/23-June-2023 
,babar, 03:33:59:PM, 06/17/23-June-2023 
,babar, 03:33:59:PM, 06/17/23-June-2023 
,babar, 03:33:59:PM, 06/17/23-June-2023 
,ambani, 03:33:59:PM, 06/17/23-June-2023 
,babar, 03:34:00:PM, 06/17/23-June-2023 
,ambani, 03:34:00:PM, 06/17/23-June-2023 
,babar, 03:34:01:PM, 06/17/23-June-2023 
,babar, 03:34:01:PM, 06/17/23-June-2023 
,babar, 03:34:01:PM, 06/17/23-June-2023 
,ambani, 03:34:02:PM, 06/17/23-June-2023 
,ambani, 03:34:02:PM, 06/17/23-June-2023 
,babar, 03:34:02:PM, 06/17/23-June-2023 
,babar, 03:34:02:PM, 06/17/23-June-2023 
,ambani, 03:34:02:PM, 06/17/23-June-2023 
,ambani, 03:34:03:PM, 06/17/23-June-2023 
,ambani, 03:34:03:PM, 06/17/23-June-2023 
,ambani, 03:34:03:PM, 06/17/23-June-2023 
,babar, 03:34:17:PM, 06/17/23-June-2023 
,babar, 03:34:17:PM, 06/17/23-June-2023 
,babar, 03:34:17:PM, 06/17/23-June-2023 
,babar, 03:34:17:PM, 06/17/23-June-2023 
,babar, 03:34:17:PM, 06/17/23-June-2023 
,babar, 03:34:17:PM, 06/17/23-June-2023 
,babar, 03:34:18:PM, 06/17/23-June-2023 
,babar, 03:34:18:PM, 06/17/23-June-2023 
,babar, 03:34:18:PM, 06/17/23-June-2023 
,ambani, 03:34:18:PM, 06/17/23-June-2023 
,babar, 03:34:19:PM, 06/17/23-June-2023 
,babar, 03:34:19:PM, 06/17/23-June-2023 
,babar, 03:34:19:PM, 06/17/23-June-2023 
,babar, 03:34:19:PM, 06/17/23-June-2023 
,babar, 03:34:20:PM, 06/17/23-June-2023 
,babar, 03:34:20:PM, 06/17/23-June-2023 
,babar, 03:34:20:PM, 06/17/23-June-2023 
,babar, 03:34:20:PM, 06/17/23-June-2023 
,babar, 03:34:21:PM, 06/17/23-June-2023 
,babar, 03:34:21:PM, 06/17/23-June-2023 
,babar, 03:34:21:PM, 06/17/23-June-2023 
,babar, 03:34:21:PM, 06/17/23-June-2023 
,babar, 03:34:22:PM, 06/17/23-June-2023 
,babar, 03:34:22:PM, 06/17/23-June-2023 
,babar, 03:34:22:PM, 06/17/23-June-2023 
,babar, 03:34:22:PM, 06/17/23-June-2023 
,babar, 03:34:23:PM, 06/17/23-June-2023 
,babar, 03:34:23:PM, 06/17/23-June-2023 
,babar, 03:34:23:PM, 06/17/23-June-2023 
,babar, 03:34:26:PM, 06/17/23-June-2023 
,babar, 03:34:26:PM, 06/17/23-June-2023 
,babar, 03:34:26:PM, 06/17/23-June-2023 
,babar, 03:34:26:PM, 06/17/23-June-2023 
,babar, 03:34:26:PM, 06/17/23-June-2023 
,babar, 03:34:26:PM, 06/17/23-June-2023 
,babar, 03:34:26:PM, 06/17/23-June-2023 
,babar, 03:34:26:PM, 06/17/23-June-2023 
,babar, 03:34:27:PM, 06/17/23-June-2023 
,ambani, 03:34:27:PM, 06/17/23-June-2023 
,ambani, 03:34:27:PM, 06/17/23-June-2023 
,ambani, 03:34:31:PM, 06/17/23-June-2023 
,babar, 03:34:31:PM, 06/17/23-June-2023 
,babar, 03:34:31:PM, 06/17/23-June-2023 
,babar, 03:34:32:PM, 06/17/23-June-2023 
,babar, 03:34:32:PM, 06/17/23-June-2023 
,babar, 03:34:32:PM, 06/17/23-June-2023 
,babar, 03:34:32:PM, 06/17/23-June-2023 
,babar, 03:34:32:PM, 06/17/23-June-2023 
,babar, 03:34:33:PM, 06/17/23-June-2023 
,babar, 03:34:33:PM, 06/17/23-June-2023 
,babar, 03:34:33:PM, 06/17/23-June-2023 
,babar, 03:34:33:PM, 06/17/23-June-2023 
,babar, 03:34:33:PM, 06/17/23-June-2023 
,babar, 03:34:34:PM, 06/17/23-June-2023 
,babar, 03:34:34:PM, 06/17/23-June-2023 
,babar, 03:34:34:PM, 06/17/23-June-2023 
,babar, 03:34:35:PM, 06/17/23-June-2023 
,babar, 03:34:35:PM, 06/17/23-June-2023 
,babar, 03:34:35:PM, 06/17/23-June-2023 
,babar, 03:34:35:PM, 06/17/23-June-2023 
,babar, 03:34:35:PM, 06/17/23-June-2023 
,babar, 03:34:36:PM, 06/17/23-June-2023 
,babar, 03:34:36:PM, 06/17/23-June-2023 
,babar, 03:34:36:PM, 06/17/23-June-2023 
,babar, 03:34:37:PM, 06/17/23-June-2023 
,babar, 03:34:37:PM, 06/17/23-June-2023 
,babar, 03:34:37:PM, 06/17/23-June-2023 
,babar, 03:34:37:PM, 06/17/23-June-2023 
,babar, 03:34:38:PM, 06/17/23-June-2023 
,babar, 03:34:38:PM, 06/17/23-June-2023 
,babar, 03:34:39:PM, 06/17/23-June-2023 
,babar, 03:34:39:PM, 06/17/23-June-2023 
,babar, 03:34:39:PM, 06/17/23-June-2023 
,babar, 03:34:39:PM, 06/17/23-June-2023 
,babar, 03:34:40:PM, 06/17/23-June-2023 
,elon, 03:34:40:PM, 06/17/23-June-2023 
,babar, 03:34:40:PM, 06/17/23-June-2023 
,babar, 03:34:41:PM, 06/17/23-June-2023 
,babar, 03:34:41:PM, 06/17/23-June-2023 
,babar, 03:34:41:PM, 06/17/23-June-2023 
,babar, 03:34:41:PM, 06/17/23-June-2023 
,