babar, 03:48:35:PM, 06/17/23-June-2023 
ambani, 03:48:39:PM, 06/17/23-June-2023 
bill gates,jpg, 03:49:50:PM, 06/17/23-June-2023 
bill gates,jpg, 03:49:50:PM, 06/17/23-June-2023 
bill gates,jpg, 03:49:50:PM, 06/17/23-June-2023 
bill gates,jpg, 03:49:51:PM, 06/17/23-June-2023 
bill gates,jpg, 03:49:51:PM, 06/17/23-June-2023 
bill gates,jpg, 03:49:51:PM, 06/17/23-June-2023 
bill gates,jpg, 03:49:51:PM, 06/17/23-June-2023 
bill gates,jpg, 03:49:51:PM, 06/17/23-June-2023 
bill gates,jpg, 03:49:51:PM, 06/17/23-June-2023 
bill gates,jpg, 03:49:51:PM, 06/17/23-June-2023 
bill gates,jpg, 04:05:07:PM, 06/17/23-June-2023 
bill gates,jpg, 04:05:07:PM, 06/17/23-June-2023 
bill gates,jpg, 04:05:07:PM, 06/17/23-June-2023 
bill gates,jpg, 04:05:08:PM, 06/17/23-June-2023 
bill gates,jpg, 04:05:08:PM, 06/17/23-June-2023 
bill gates,jpg, 04:05:08:PM, 06/17/23-June-2023 
bill gates,jpg, 04:05:08:PM, 06/17/23-June-2023 
bill gates,jpg, 04:05:08:PM, 06/17/23-June-2023 
bill gates,jpg, 04:05:08:PM, 06/17/23-June-2023 
bill gates,jpg, 04:05:08:PM, 06/17/23-June-2023 
bill gates,jpg, 04:05:08:PM, 06/17/23-June-2023 
bill gates,jpg, 04:05:08:PM, 06/17/23-June-2023 
bill gates,jpg, 04:05:08:PM, 06/17/23-June-2023 
bill gates,jpg, 04:05:09:PM, 06/17/23-June-2023 
bill gates,jpg, 04:05:09:PM, 06/17/23-June-2023 
bill gates,jpg, 04:05:09:PM, 06/17/23-June-2023 
bill gates,jpg, 04:05:09:PM, 06/17/23-June-2023 
bill gates,jpg, 04:05:09:PM, 06/17/23-June-2023 
bill gates,jpg, 04:05:09:PM, 06/17/23-June-2023 
bill gates,jpg, 04:05:09:PM, 06/17/23-June-2023 
bill gates,jpg, 04:05:09:PM, 06/17/23-June-2023 
bill gates,jpg, 04:05:09:PM, 06/17/23-June-2023 
bill gates,jpg, 04:05:10:PM, 06/17/23-June-2023 
bill gates,jpg, 04:05:10:PM, 06/17/23-June-2023 
bill gates,jpg, 04:05:10:PM, 06/17/23-June-2023 
bill gates,jpg, 04:05:10:PM, 06/17/23-June-2023 
bill gates,jpg, 04:05:10:PM, 06/17/23-June-2023 
bill gates,jpg, 04:05:10:PM, 06/17/23-June-2023 
bill gates,jpg, 04:05:10:PM, 06/17/23-June-2023 
bill gates,jpg, 04:05:10:PM, 06/17/23-June-2023 
bill gates,jpg, 04:05:10:PM, 06/17/23-June-2023 
bill gates,jpg, 04:05:10:PM, 06/17/23-June-2023 
bill gates,jpg, 04:05:11:PM, 06/17/23-June-2023 
bill gates,jpg, 04:05:11:PM, 06/17/23-June-2023 
bill gates,jpg, 04:05:11:PM, 06/17/23-June-2023 
bill gates,jpg, 04:05:11:PM, 06/17/23-June-2023 
bill gates,jpg, 04:05:11:PM, 06/17/23-June-2023 
bill gates,jpg, 04:05:11:PM, 06/17/23-June-2023 
bill gates,jpg, 04:05:11:PM, 06/17/23-June-2023 
bill gates,jpg, 04:05:11:PM, 06/17/23-June-2023 
bill gates,jpg, 04:05:11:PM, 06/17/23-June-2023 
bill gates,jpg, 04:05:12:PM, 06/17/23-June-2023 
bill gates,jpg, 04:05:12:PM, 06/17/23-June-2023 
bill gates,jpg, 04:05:12:PM, 06/17/23-June-2023 
bill gates,jpg, 04:05:12:PM, 06/17/23-June-2023 
bill gates,jpg, 04:05:12:PM, 06/17/23-June-2023 
